"id","provider","uid","email","token","refresh_token","first_name","last_name","role"
1,"Google","52034","soila@kuvalis.co","9s9t0trnenne","52mpsdbxfy9b","Fredda","Leffler","student"
2,"Google","64839","arden.schaefer@hessel-flatley.net","mjohyom78eec","zclomd0b4dcy","Krishna","Boyer","student"
3,"Google","96907","dan_raynor@thiel-rau.info","pfqg8dr093ez","g40rp8bjoecj","Randy","Keebler","student"
4,"Google","76372","kieth_beahan@franecki-ondricka.biz","zb342webqr0a","8k0y8mcuidwf","Viva","Pouros","student"
5,"Google","89651","lowell.towne@larson.co","922v8il1club","m278psnbl2q7","Staci","Kessler","student"
6,"Google","97451","edmundo@mitchell.net","zf84e1usid00","wfmedswr6kvt","Napoleon","Funk","student"
7,"Google","90792","shari_rippin@deckow.co","87ly9388g4k9","8n5le001yt60","Maryrose","Toy","student"
8,"Google","96398","modesto.walker@cummings-reynolds.name","i41q9hbh0k0f","i6q8rtc6ee5p","Veronica","Huel","student"
9,"Google","13743","adam@jacobi-walker.com","4b6jr7ejdmf9","y66rr3nqwd9l","Patricia","Dooley","student"
10,"Google","15384","louise.bosco@sanford.io","xsfhtj038ab6","gwyrfyvllt68","Gerald","Nolan","student"
11,"Google","50683","mack.stiedemann@hickle.io","ytmcqcw8ix8h","ekg73757u365","Lula","Tromp","student"
12,"Google","51367","kristi.pollich@little.com","r622yrqmiugl","mg638dkt6g5e","Kaitlin","Schuppe","student"
13,"Google","77515","gayle@durgan.co","s244jjc31dlc","fipw4sqv7b8r","Patrick","Kozey","student"
14,"Google","65911","murray@sauer.net","ai9nps4bjp7j","b9y5auywwzaq","Lucretia","Bednar","student"
15,"Google","51632","felicia@rempel-huels.name","xdcg3qgy58zu","l4lcg2xh1xo8","Vanessa","Thompson","student"
16,"Google","67949","aletha@lowe.info","gsk1by60d8st","58rexubht0ir","Launa","Ortiz","student"
17,"Google","12074","stacee.lowe@rosenbaum.name","km0vvjuuhtrl","tscbeeqggro4","Tanner","Ebert","student"
18,"Google","66979","foster_goodwin@schultz.biz","8cyw27w9kwz0","1zjub6byc05a","Shara","Oberbrunner","student"
19,"Google","58931","rosaline@ruecker-smitham.name","dmai00rvr9xd","qdaq9o7mexi2","Era","Upton","student"
20,"Google","63574","veda.cartwright@okon-von.name","9ptn5jnvl2tr","2ch1qjeowey1","Jerome","Dibbert","student"
21,"google_oauth2","116304917472823676244","priyajag72@gmail.com","ya29.A0AfH6SMDaPFNMup19gK2mc9deBsLypCXTdx0x_cA58_9O68y97aHCh7rHGUoqlZtoYSqK15bJb1Rp7E_MPktVU8hVQXS-llQZP7KeF_IbBcfKfZo5l6S4BE-EbX6suWvik-5S9uA-jgW4TkvYxl-69w0Rg88Xozu2LC-wpUr1YLY",,"Priya","Jagadeeswaran","student"
